frame_idx,l_label,r_label,label
7,8,8,71
8,8,5,68
9,8,5,68
10,8,5,68
11,8,5,68
12,8,5,68
13,8,5,68
14,8,5,68
15,8,5,68
16,8,5,68
17,8,5,68
18,8,5,68
19,8,5,68
20,8,5,68
21,8,5,68
22,8,5,68
23,8,5,68
24,8,5,68
25,8,5,68
26,8,5,68
27,8,5,68
28,8,5,68
29,5,5,41
30,5,5,41
31,5,5,41
32,5,5,41
33,5,5,41
34,5,8,44
35,8,8,71
36,8,8,71
37,8,8,71
38,8,8,71
39,8,8,71
40,8,8,71
41,8,8,71
42,8,8,71
43,8,8,71
44,8,8,71
45,8,8,71
46,8,8,71
47,8,8,71
48,8,8,71
49,8,8,71
50,8,8,71
51,8,8,71
52,8,8,71
53,8,8,71
54,8,8,71
55,8,8,71
56,8,8,71
57,8,8,71
58,8,8,71
59,9,8,80
60,9,8,80
61,9,8,80
62,9,8,80
63,9,8,80
64,9,8,80
65,9,8,80
66,9,8,80
67,9,8,80
68,8,5,68
69,8,5,68
70,8,5,68
71,8,8,71
72,8,8,71
73,8,8,71
74,8,8,71
75,8,8,71
76,8,8,71
77,8,8,71
78,8,8,71
79,8,8,71
80,8,8,71
81,8,8,71
82,8,8,71
83,8,8,71
84,8,8,71
85,8,8,71
86,8,8,71
87,8,8,71
88,8,8,71
89,8,8,71
90,8,8,71
91,8,8,71
92,8,8,71
93,8,8,71
94,8,8,71
95,8,8,71
96,8,8,71
97,8,8,71
98,8,8,71
99,8,8,71
100,8,8,71
101,8,8,71
102,8,8,71
103,8,8,71
104,8,8,71
105,8,8,71
106,8,8,71
107,8,8,71
108,8,8,71
109,8,8,71
110,8,8,71
111,8,8,71
112,8,8,71
113,8,8,71
114,8,8,71
115,8,8,71
116,8,8,71
117,8,8,71
118,8,8,71
119,8,5,68
120,8,5,68
121,8,4,67
122,8,1,64
123,8,1,64
124,8,1,64
125,8,1,64
126,8,1,64
127,8,1,64
128,8,1,64
129,8,4,67
130,8,5,68
131,8,5,68
132,8,5,68
133,8,8,71
134,8,8,71
135,8,8,71
136,8,8,71
137,8,8,71
138,8,8,71
139,8,8,71
140,8,8,71
141,8,8,71
142,8,8,71
143,8,8,71
150,8,7,70
151,8,7,70
152,8,8,71
153,9,7,79
154,9,7,79
155,9,7,79
156,9,7,79
157,9,7,79
158,9,7,79
159,9,7,79
160,9,7,79
161,9,7,79
162,9,7,79
163,9,7,79
164,9,7,79
165,9,7,79
166,9,7,79
167,9,7,79
168,9,7,79
169,9,7,79
170,9,7,79
171,9,7,79
172,9,7,79
173,9,7,79
174,9,7,79
175,9,7,79
176,9,7,79
177,9,7,79
178,9,7,79
179,9,7,79
180,9,4,76
181,9,4,76
182,6,4,49
183,6,4,49
184,6,4,49
185,6,4,49
186,6,4,49
187,6,4,49
188,6,4,49
189,6,4,49
190,6,4,49
191,6,4,49
192,8,5,68
193,8,5,68
194,8,8,71
195,8,8,71
196,8,8,71
197,8,8,71
198,8,8,71
199,8,8,71
200,8,8,71
201,8,8,71
202,8,8,71
203,8,8,71
204,8,8,71
205,8,8,71
206,8,8,71
207,8,8,71
208,8,8,71
209,8,8,71
210,8,8,71
211,8,8,71
212,8,8,71
213,8,8,71
214,8,8,71
215,8,8,71
216,8,5,68
217,8,5,68
218,8,5,68
219,8,5,68
220,8,5,68
221,8,5,68
222,8,5,68
223,8,5,68
224,8,5,68
225,8,5,68
226,8,5,68
227,8,5,68
228,8,5,68
229,8,5,68
230,8,5,68
231,8,5,68
232,8,8,71
233,8,8,71
234,8,5,68
235,8,5,68
236,5,5,41
237,5,5,41
238,5,5,41
239,5,5,41
240,5,5,41
241,5,5,41
242,5,5,41
243,5,5,41
244,5,5,41
245,8,5,68
246,8,8,71
247,8,8,71
248,8,8,71
249,8,8,71
250,8,8,71
251,8,8,71
252,8,8,71
253,5,8,44
254,5,5,41
255,5,5,41
256,6,5,50
257,6,5,50
258,6,5,50
259,6,5,50
260,6,5,50
261,6,4,49
262,6,4,49
263,9,4,76
264,9,7,79
265,9,7,79
266,9,7,79
267,9,4,76
268,9,4,76
269,9,4,76
270,6,4,49
271,6,4,49
272,6,4,49
273,6,5,50
274,6,5,50
275,5,5,41
276,5,5,41
277,5,5,41
278,5,8,44
279,5,8,44
280,5,8,44
281,8,8,71
282,8,8,71
283,8,8,71
284,8,8,71
285,8,8,71
286,8,8,71
287,8,8,71
288,8,8,71
289,8,5,68
290,6,5,50
291,6,4,49
292,6,4,49
293,6,4,49
294,6,4,49
295,6,4,49
296,6,4,49
297,6,4,49
298,6,4,49
299,6,4,49
300,6,5,50
301,6,5,50
302,5,5,41
303,8,5,68
304,5,5,41
305,8,5,68
306,8,8,71
307,8,8,71
308,8,8,71
309,8,8,71
310,8,8,71
311,8,8,71
312,8,8,71
313,8,8,71
314,8,8,71
315,8,8,71
316,8,8,71
317,8,8,71
318,8,8,71
319,8,8,71
320,8,8,71
321,8,8,71
322,8,8,71
323,8,8,71
324,8,8,71
325,8,8,71
326,8,8,71
327,8,8,71
328,8,8,71
329,8,8,71
330,8,8,71
331,8,8,71
332,8,8,71
333,8,8,71
334,9,8,80
335,9,7,79
336,9,7,79
337,9,7,79
338,9,8,80
339,9,5,77
340,9,5,77
341,9,5,77
342,8,5,68
343,8,5,68
344,8,5,68
345,8,5,68
346,8,5,68
347,8,5,68
348,8,5,68
349,8,5,68
350,8,5,68
351,8,5,68
352,8,5,68
353,8,5,68
354,8,5,68
355,8,5,68
356,8,5,68
357,8,5,68
358,8,5,68
359,8,5,68
360,8,5,68
361,8,5,68
362,8,5,68
363,8,8,71
364,8,8,71
365,8,8,71
366,8,8,71
367,8,8,71
368,8,8,71
369,8,8,71
370,8,8,71
371,8,8,71
372,8,8,71
373,8,8,71
374,8,8,71
375,8,8,71
376,8,8,71
377,8,8,71
378,8,8,71
379,8,8,71
380,8,8,71
381,8,8,71
382,8,8,71
383,8,8,71
384,8,8,71
385,8,8,71
386,8,8,71
387,8,8,71
388,8,8,71
389,8,8,71
390,8,8,71
391,8,8,71
392,8,8,71
393,8,8,71
394,8,8,71
395,8,8,71
396,8,8,71
542,8,1,64
543,8,1,64
544,8,1,64
545,8,1,64
546,8,1,64
547,8,1,64
548,8,1,64
549,8,5,68
550,8,5,68
551,8,5,68
552,8,5,68
553,8,8,71
554,8,8,71
555,8,8,71
556,8,8,71
557,8,8,71
558,8,8,71
559,8,8,71
560,8,8,71
561,8,8,71
562,8,8,71
563,8,8,71
564,8,8,71
565,8,8,71
566,8,8,71
567,8,8,71
568,8,8,71
569,8,8,71
570,8,8,71
571,8,8,71
572,8,8,71
573,8,8,71
574,8,8,71
575,8,8,71
576,8,8,71
577,8,8,71
578,8,8,71
579,8,8,71
580,8,8,71
581,8,8,71
582,8,8,71
583,8,8,71
584,8,8,71
585,8,8,71
586,8,8,71
587,8,8,71
588,8,8,71
589,8,8,71
590,8,8,71
591,8,8,71
592,8,8,71
593,8,8,71
594,8,8,71
595,8,8,71
596,8,8,71
597,8,8,71
598,8,8,71
599,8,8,71
600,8,8,71
601,8,8,71
602,8,8,71
603,8,8,71
604,8,8,71
605,8,8,71
606,8,8,71
607,8,8,71
608,8,8,71
609,8,8,71
610,8,8,71
611,8,8,71
612,8,8,71
613,8,8,71
614,8,8,71
615,8,8,71
616,9,8,80
617,9,7,79
618,9,7,79
619,9,7,79
620,6,7,52
621,6,4,49
622,6,4,49
623,6,4,49
624,6,4,49
625,6,4,49
626,6,4,49
627,6,4,49
628,6,4,49
629,6,5,50
630,6,5,50
631,6,5,50
632,5,5,41
633,5,5,41
634,5,5,41
635,5,5,41
636,5,5,41
637,5,5,41
638,5,5,41
639,5,5,41
640,5,5,41
641,5,5,41
642,5,5,41
643,5,5,41
644,5,5,41
645,5,5,41
646,5,5,41
647,5,5,41
648,5,5,41
649,5,5,41
650,5,5,41
651,5,5,41
652,5,5,41
653,5,5,41
654,5,5,41
655,5,5,41
656,5,5,41
657,5,5,41
658,5,5,41
659,5,5,41
660,5,5,41
661,5,5,41
662,5,5,41
663,6,5,50
664,6,4,49
665,6,4,49
666,6,4,49
667,6,4,49
668,6,4,49
669,6,4,49
670,6,4,49
671,6,4,49
672,6,4,49
673,6,4,49
674,6,4,49
675,6,4,49
676,6,4,49
677,6,4,49
678,6,4,49
679,6,4,49
680,6,4,49
681,6,4,49
682,6,4,49
683,6,4,49
684,6,4,49
685,6,4,49
686,6,4,49
687,6,4,49
688,6,4,49
689,6,5,50
690,6,5,50
691,6,5,50
692,5,5,41
693,5,5,41
694,5,5,41
695,5,5,41
696,5,5,41
697,5,5,41
698,5,5,41
699,5,5,41
700,5,5,41
701,5,5,41
702,5,5,41
703,5,5,41
704,5,5,41
705,5,5,41
706,5,5,41
707,5,5,41
708,5,5,41
709,5,5,41
710,5,5,41
711,5,5,41
712,5,5,41
713,5,5,41
714,5,5,41
715,5,5,41
716,5,5,41
717,5,5,41
718,5,5,41
719,5,5,41
720,5,5,41
721,5,5,41
722,5,5,41
723,5,5,41
724,5,5,41
725,5,5,41
726,5,5,41
727,5,5,41
728,8,8,71
729,8,8,71
730,8,8,71
731,8,8,71
732,8,8,71
733,8,8,71
734,8,8,71
735,8,8,71
736,8,8,71
737,8,8,71
738,8,8,71
739,8,8,71
740,8,5,68
741,8,5,68
742,9,5,77
743,9,5,77
744,9,4,76
745,9,4,76
746,9,4,76
747,9,4,76
748,9,4,76
749,6,4,49
750,6,4,49
751,6,4,49
752,6,4,49
753,6,4,49
754,6,4,49
755,6,4,49
756,6,4,49
757,6,5,50
758,5,5,41
759,5,5,41
760,5,5,41
761,5,5,41
762,5,5,41
763,8,5,68
764,8,5,68
765,8,5,68
766,8,8,71
767,8,8,71
768,8,8,71
769,8,8,71
770,8,8,71
771,8,5,68
772,8,5,68
773,8,5,68
774,8,5,68
775,8,5,68
776,8,5,68
777,8,5,68
778,8,5,68
779,8,5,68
780,8,5,68
781,8,5,68
782,8,5,68
783,8,5,68
784,8,5,68
785,8,5,68
786,8,5,68
787,8,5,68
788,8,5,68
789,5,5,41
790,5,5,41
791,5,5,41
792,5,5,41
793,6,5,50
794,6,5,50
795,6,5,50
796,6,5,50
797,6,5,50
798,6,4,49
799,6,4,49
800,6,4,49
801,6,4,49
802,6,4,49
803,6,4,49
804,6,4,49
805,6,4,49
806,6,4,49
807,6,4,49
808,6,4,49
809,6,4,49
810,6,5,50
811,6,5,50
812,6,5,50
813,6,5,50
814,6,5,50
815,6,5,50
816,6,5,50
817,6,5,50
818,6,4,49
819,6,4,49
820,6,4,49
821,6,4,49
822,5,4,40
823,5,4,40
824,5,7,43
825,5,7,43
826,5,7,43
827,5,7,43
828,5,7,43
829,5,7,43
830,5,7,43
831,5,7,43
832,5,7,43
833,5,8,44
834,5,8,44
835,5,8,44
836,5,5,41
837,5,5,41
838,5,5,41
839,5,5,41
840,5,5,41
841,5,5,41
842,6,5,50
843,6,5,50
844,6,4,49
845,6,4,49
846,6,4,49
847,6,4,49
848,6,4,49
849,6,4,49
850,6,4,49
851,6,7,52
852,5,7,43
853,5,4,40
854,5,4,40
855,5,4,40
856,5,4,40
857,5,4,40
858,5,4,40
859,5,4,40
860,5,4,40
861,8,4,67
862,8,4,67
863,8,4,67
864,8,4,67
865,8,4,67
866,8,4,67
867,8,4,67
868,8,4,67
869,8,4,67
870,8,4,67
871,8,4,67
872,8,4,67
873,8,7,70
874,8,8,71
875,8,8,71
876,8,8,71
877,8,8,71
878,8,8,71
879,8,8,71
880,8,8,71
881,5,8,44
882,6,8,53
883,6,8,53
884,6,8,53
885,6,8,53
886,6,8,53
887,6,8,53
888,6,8,53
889,6,8,53
890,6,8,53
891,6,8,53
892,6,8,53
893,5,8,44
894,5,8,44
895,5,8,44
896,8,8,71
897,8,8,71
898,8,8,71
899,8,5,68
900,8,5,68
901,8,5,68
902,8,5,68
903,8,5,68
904,8,5,68
905,8,5,68
906,8,5,68
907,8,5,68
908,8,5,68
909,8,5,68
910,8,5,68
911,8,5,68
912,8,5,68
913,8,5,68
914,8,5,68
915,8,5,68
916,5,5,41
917,5,5,41
918,5,5,41
919,5,5,41
920,5,5,41
921,5,5,41
922,5,5,41
923,5,5,41
924,5,5,41
925,8,5,68
926,8,5,68
927,8,5,68
928,8,5,68
929,5,5,41
930,5,5,41
931,5,5,41
932,5,5,41
933,5,5,41
934,5,5,41
935,5,5,41
936,5,5,41
937,5,5,41
938,5,5,41
939,5,5,41
940,5,5,41
941,5,5,41
942,5,5,41
943,5,5,41
944,5,5,41
945,5,5,41
946,5,5,41
947,5,5,41
948,5,5,41
949,5,5,41
950,5,5,41
951,5,5,41
952,9,4,76
953,6,4,49
954,6,4,49
955,6,4,49
956,6,4,49
957,6,4,49
958,6,4,49
959,6,4,49
960,6,4,49
961,6,4,49
962,6,4,49
963,6,5,50
964,6,5,50
965,6,5,50
966,6,5,50
967,5,5,41
968,5,5,41
969,5,5,41
970,5,5,41
971,5,5,41
972,8,5,68
973,8,5,68
974,8,8,71
975,8,8,71
976,8,8,71
977,8,5,68
978,5,5,41
979,5,5,41
980,5,5,41
981,5,5,41
982,5,5,41
983,5,5,41
984,5,5,41
985,5,5,41
986,5,5,41
987,5,5,41
988,5,5,41
989,5,5,41
990,5,5,41
991,5,5,41
992,5,5,41
993,5,5,41
994,5,5,41
995,5,5,41
996,5,5,41
997,5,5,41
998,5,5,41
999,6,5,50
1000,6,5,50
1001,6,4,49
1002,6,4,49
1003,6,4,49
1004,6,4,49
1005,6,4,49
1006,6,4,49
1007,6,4,49
1008,6,4,49
1009,6,4,49
1010,6,4,49
1011,6,4,49
1012,6,4,49
1013,6,4,49
1014,6,4,49
1015,6,4,49
1016,6,4,49
1017,6,4,49
1018,6,4,49
1019,6,4,49
1020,5,5,41
1021,5,5,41
1022,5,5,41
1023,5,5,41
1024,5,5,41
1025,5,5,41
1026,5,5,41
1027,5,5,41
1028,5,5,41
1029,5,5,41
1030,5,5,41
1031,5,5,41
1032,5,5,41
1033,5,5,41
1034,5,5,41
1035,5,5,41
1036,5,5,41
1037,5,5,41
1038,5,5,41
1039,5,5,41
1040,5,5,41
1041,5,5,41
1042,5,5,41
1043,5,5,41
1044,5,5,41
1045,5,5,41
1046,5,5,41
1047,5,5,41
1048,5,5,41
1049,5,5,41
1050,5,5,41
1051,5,5,41
1052,5,5,41
1053,5,5,41
1054,5,5,41
1055,5,5,41
1056,5,5,41
1057,5,5,41
1058,5,5,41
1059,5,5,41
1060,5,5,41
1061,5,5,41
1062,5,5,41
1063,5,5,41
1064,5,5,41
1065,5,5,41
1066,5,5,41
1067,5,5,41
1068,5,5,41
1069,5,5,41
1070,5,5,41
1071,5,5,41
1072,5,5,41
1073,5,5,41
1074,5,5,41
1075,5,5,41
1076,5,5,41
1077,5,5,41
1078,5,5,41
1079,5,5,41
1080,5,5,41
1081,5,5,41
1082,5,5,41
1083,5,5,41
1084,5,5,41
1085,5,5,41
1086,5,5,41
1087,5,5,41
1088,5,5,41
1089,5,5,41
1090,5,5,41
1091,5,5,41
1092,5,5,41
1093,5,5,41
1094,5,5,41
1095,5,5,41
1096,5,5,41
1097,5,5,41
1098,5,5,41
1099,5,5,41
1100,5,5,41
1101,5,5,41
1102,5,5,41
1103,5,5,41
1104,5,5,41
1105,5,5,41
1106,5,5,41
1107,5,5,41
1108,5,5,41
1109,5,5,41
1110,5,5,41
1111,5,5,41
1112,5,5,41
1113,5,5,41
1114,5,5,41
1115,5,5,41
1116,5,5,41
1117,5,5,41
1118,6,4,49
1119,6,4,49
1120,6,4,49
1121,6,4,49
1122,6,4,49
1123,6,4,49
1124,6,4,49
1125,6,4,49
1126,6,4,49
1127,6,4,49
1128,6,4,49
1129,6,4,49
1130,6,4,49
1131,5,4,40
1132,5,5,41
1133,5,5,41
1134,5,5,41
1135,5,5,41
1136,5,5,41
1137,5,5,41
1138,5,5,41
1139,5,5,41
1140,5,5,41
1141,5,5,41
1142,5,5,41
1143,5,5,41
1144,5,5,41
1145,5,5,41
1146,5,5,41
1147,5,5,41
1148,5,5,41
1149,5,5,41
1150,5,5,41
1151,5,5,41
1152,5,5,41
1153,5,5,41
1154,5,5,41
1155,5,5,41
1156,5,5,41
1157,5,5,41
1158,5,5,41
1159,5,5,41
1160,5,5,41
1161,5,5,41
1162,5,5,41
1163,5,5,41
1164,5,5,41
1165,5,5,41
1166,5,5,41
1167,5,5,41
1168,5,5,41
1169,5,5,41
1170,5,5,41
1171,5,5,41
1172,5,5,41
1173,5,5,41
1174,5,5,41
1175,5,5,41
1176,5,5,41
1177,5,5,41
1178,5,5,41
1179,5,5,41
1180,5,5,41
1181,5,5,41
1182,5,4,40
1183,6,4,49
1184,6,4,49
1185,6,4,49
1186,6,4,49
1187,6,4,49
1188,6,4,49
1189,6,4,49
1190,5,4,40
1191,5,4,40
1192,5,4,40
1193,5,4,40
1194,5,4,40
1195,5,4,40
1196,5,4,40
1197,5,4,40
1198,5,4,40
1199,5,4,40
1200,5,4,40
1201,5,4,40
1202,5,4,40
1203,5,4,40
1204,6,4,49
1205,6,4,49
1206,6,4,49
1207,6,4,49
1208,6,4,49
1209,6,4,49
1210,6,4,49
1211,6,4,49
1212,6,4,49
1213,6,4,49
1214,6,4,49
1215,6,4,49
1216,6,4,49
1217,6,4,49
1218,6,4,49
1219,6,4,49
1220,6,4,49
1221,6,4,49
1222,6,4,49
1223,6,4,49
1224,6,4,49
1225,5,4,40
1226,5,5,41
1227,5,5,41
1228,5,5,41
1229,5,5,41
1230,5,5,41
1231,5,5,41
1232,5,5,41
1233,5,5,41
1234,5,5,41
1235,5,5,41
1236,5,5,41
1237,5,5,41
1238,5,5,41
1239,5,5,41
1240,5,5,41
1241,5,5,41
1242,5,5,41
1243,5,5,41
1244,5,5,41
1245,5,5,41
1246,5,5,41
1247,5,5,41
1248,5,5,41
1249,5,5,41
1250,5,5,41
1251,5,4,40
1252,5,4,40
1253,5,4,40
1254,6,4,49
1255,6,4,49
1256,6,4,49
1257,6,4,49
1258,6,4,49
1259,6,4,49
1260,6,4,49
1261,6,4,49
1262,6,4,49
1263,6,4,49
1264,6,4,49
1265,6,4,49
1266,6,4,49
1267,6,4,49
1268,6,4,49
1269,6,4,49
1270,6,4,49
1271,5,4,40
1272,5,4,40
1273,5,5,41
1274,5,5,41
1275,5,5,41
1276,6,5,50
1277,6,5,50
1278,6,4,49
1279,6,4,49
1280,6,4,49
1281,6,4,49
1282,6,4,49
1283,6,4,49
1284,6,4,49
1285,6,4,49
1286,6,4,49
1287,6,4,49
1288,6,4,49
1289,6,5,50
1290,5,5,41
1291,5,5,41
1292,5,5,41
1293,5,5,41
1294,5,5,41
1295,5,5,41
1296,5,5,41
1297,5,5,41
1298,5,5,41
1299,5,5,41
1300,5,5,41
1301,5,5,41
1302,5,5,41
1303,5,5,41
1304,5,5,41
1305,5,5,41
1306,5,5,41
1307,5,5,41
1308,5,5,41
1309,5,5,41
1310,5,5,41
1311,5,5,41
1312,5,5,41
1313,5,5,41
1314,5,5,41
1315,5,5,41
1316,5,5,41
1317,5,5,41
1318,5,5,41
1319,5,5,41
1320,5,5,41
1321,5,5,41
1322,5,5,41
1323,5,5,41
1324,8,5,68
1325,8,5,68
1326,8,5,68
1327,8,5,68
1328,8,5,68
1329,8,5,68
1330,8,5,68
1331,8,5,68
1332,8,5,68
1333,8,5,68
1334,8,5,68
1335,8,5,68
1336,8,5,68
1337,8,5,68
1338,8,5,68
1339,8,5,68
1340,8,5,68
1341,8,5,68
1342,8,5,68
1343,8,5,68
1344,8,5,68
1345,8,5,68
1346,5,5,41
1347,5,5,41
1348,5,5,41
1349,5,5,41
1350,5,5,41
1351,5,5,41
1352,5,5,41
1353,5,5,41
1354,5,5,41
1355,5,5,41
1356,5,5,41
1357,5,5,41
1358,5,5,41
1359,5,5,41
1360,5,5,41
1361,5,5,41
1362,5,5,41
1363,5,5,41
1364,5,5,41
1365,5,5,41
1366,5,5,41
1367,5,5,41
1368,5,5,41
1369,5,5,41
1370,5,5,41
1371,5,5,41
1372,5,5,41
1373,5,5,41
1374,5,5,41
1375,5,5,41
1376,5,5,41
1377,5,5,41
1378,5,5,41
1379,5,5,41
1380,8,4,67
1381,9,4,76
1382,9,4,76
1383,9,4,76
1384,9,4,76
1385,9,4,76
1386,9,4,76
1387,9,4,76
1388,9,4,76
1389,9,4,76
1390,9,4,76
1391,9,4,76
1392,9,4,76
1393,9,4,76
1394,6,7,52
1395,6,7,52
1396,6,7,52
1397,6,7,52
1398,9,7,79
1399,9,8,80
1400,8,8,71
1401,8,8,71
1402,8,8,71
1403,8,8,71
1404,8,8,71
1405,8,8,71
1406,8,8,71
1407,8,8,71
1408,8,8,71
1409,8,8,71
1410,8,8,71
1411,8,8,71
1412,8,8,71
1413,8,5,68
1414,8,5,68
1415,8,5,68
1416,5,5,41
1417,5,5,41
1418,5,5,41
1419,6,4,49
1420,6,4,49
1421,6,4,49
1422,6,4,49
1423,6,4,49
1424,6,4,49
1425,6,4,49
1426,6,4,49
1427,6,4,49
1428,6,4,49
1429,6,4,49
1430,6,4,49
1431,6,4,49
1432,6,4,49
1433,6,4,49
1434,6,4,49
1435,6,4,49
1436,6,4,49
1437,6,4,49
1438,6,4,49
1439,6,4,49
1440,6,4,49
1441,6,4,49
1442,6,4,49
1443,6,5,50
1444,5,5,41
1445,5,5,41
1446,5,5,41
1447,5,5,41
1448,8,8,71
1449,8,8,71
1450,8,8,71
1451,8,8,71
1452,8,8,71
1453,8,8,71
1454,8,8,71
1455,8,8,71
1456,8,8,71
1457,8,8,71
1458,8,8,71
1459,8,8,71
1460,8,8,71
1461,8,8,71
1462,8,8,71
1463,8,8,71
1464,8,8,71
1465,8,8,71
1466,8,8,71
1467,8,8,71
1468,8,8,71
1469,8,8,71
1470,8,8,71
1471,8,8,71
1472,8,8,71
1473,8,8,71
1474,8,8,71
1475,8,8,71
1476,8,8,71
1477,8,8,71
1478,8,8,71
1479,8,8,71
1480,8,8,71
1481,8,8,71
1482,8,8,71
1483,8,8,71
1484,8,8,71
1485,8,8,71
1486,8,8,71
1487,8,8,71
1488,8,8,71
1489,8,8,71
1490,8,8,71
1491,8,8,71
1492,8,8,71
1493,8,8,71
1494,8,8,71
1495,8,5,68
1496,8,5,68
1497,8,5,68
1498,8,5,68
1499,8,5,68
1500,8,5,68
1501,8,5,68
1502,8,5,68
1503,8,5,68
1504,8,5,68
1505,8,5,68
1506,8,5,68
1507,8,5,68
1508,8,5,68
1509,8,5,68
1510,8,5,68
1511,8,5,68
1512,8,5,68
1513,8,8,71
1514,8,8,71
1515,8,8,71
1516,8,5,68
1517,8,5,68
1518,8,5,68
1519,8,5,68
1520,8,5,68
1521,8,5,68
1522,8,5,68
1523,8,5,68
1524,5,5,41
1525,5,5,41
1526,5,5,41
1527,5,5,41
1528,5,5,41
1529,5,5,41
1530,5,5,41
1531,5,5,41
1532,5,5,41
1533,5,5,41
1534,5,5,41
1535,5,5,41
1536,5,5,41
1537,5,5,41
1538,5,5,41
1539,5,5,41
1540,5,5,41
1541,5,5,41
1542,5,5,41
1543,5,5,41
1544,5,5,41
1545,5,5,41
1546,5,5,41
1547,5,5,41
1548,5,5,41
1549,5,5,41
1550,5,5,41
1551,5,5,41
1552,5,8,44
1553,8,8,71
1554,8,8,71
1555,8,8,71
1556,8,8,71
1557,8,8,71
1558,8,8,71
1559,8,8,71
1560,8,8,71
1561,8,8,71
1562,5,5,41
1563,5,5,41
1564,5,5,41
1565,5,5,41
1566,5,5,41
1567,5,5,41
1568,5,5,41
1569,5,5,41
1570,5,5,41
1571,5,5,41
1572,5,5,41
1573,5,5,41
1574,5,5,41
1575,5,5,41
1576,5,5,41
1577,5,5,41
1578,5,5,41
1579,5,5,41
1580,5,5,41
1581,5,5,41
1582,5,5,41
1583,5,5,41
1584,5,5,41
1585,5,5,41
1586,5,5,41
1587,5,5,41
1588,5,5,41
1589,5,5,41
1590,6,4,49
1591,6,4,49
1592,6,4,49
1593,6,4,49
1594,6,4,49
1595,6,4,49
1596,6,4,49
1597,6,4,49
1598,6,4,49
1599,6,4,49
1600,6,4,49
1601,6,4,49
1602,6,4,49
1603,6,4,49
1604,6,4,49
1605,6,5,50
1606,5,5,41
1607,5,5,41
1608,5,5,41
1609,5,5,41
1610,5,5,41
1611,5,5,41
1612,5,5,41
1613,5,5,41
1614,5,5,41
1615,5,5,41
1616,8,5,68
1617,8,5,68
1618,8,5,68
1619,8,5,68
1620,8,5,68
1621,8,5,68
1622,8,5,68
1623,8,5,68
1624,8,5,68
1625,5,5,41
1626,5,5,41
1627,5,5,41
1628,5,5,41
1629,5,5,41
1630,5,5,41
1631,8,5,68
1632,8,5,68
1633,8,5,68
1634,8,5,68
1635,8,5,68
1636,8,5,68
1637,8,5,68
1638,8,5,68
1639,8,5,68
1640,5,5,41
1641,5,5,41
1642,5,5,41
1643,5,5,41
1644,6,4,49
1645,6,4,49
1646,6,4,49
1647,5,4,40
1648,5,4,40
1649,5,4,40
1650,5,4,40
1651,5,4,40
1652,5,4,40
1653,5,4,40
1654,5,4,40
1655,5,7,43
1656,8,7,70
1657,5,7,43
1658,5,4,40
1659,5,4,40
1660,5,7,43
1661,5,7,43
1662,5,7,43
1663,5,8,44
1664,5,8,44
1665,5,7,43
1666,5,8,44
1667,5,8,44
1668,5,8,44
1669,5,8,44
1670,5,5,41
1671,5,5,41
1672,5,5,41
1673,5,5,41
1674,5,5,41
1675,5,5,41
1676,5,5,41
1677,5,5,41
1678,5,5,41
1679,5,5,41
1680,5,5,41
1681,5,5,41
1682,5,4,40
1683,5,4,40
1684,5,4,40
1685,5,4,40
1686,5,4,40
1687,5,4,40
1688,5,4,40
1689,5,4,40
1690,5,4,40
1691,5,4,40
1692,5,4,40
1693,5,4,40
1694,5,4,40
1695,5,4,40
1696,5,4,40
1697,5,4,40
1698,5,4,40
1699,5,4,40
1700,5,4,40
1701,5,4,40
1702,5,4,40
1703,5,4,40
1704,5,4,40
1705,6,4,49
1706,6,4,49
1707,6,4,49
1708,6,4,49
1709,6,4,49
1710,6,4,49
1711,6,4,49
1712,6,4,49
1713,6,4,49
1714,6,4,49
1715,5,5,41
1716,5,5,41
1717,5,5,41
1718,5,5,41
1719,5,5,41
1720,5,5,41
1721,5,5,41
1722,5,5,41
1723,5,5,41
1724,5,5,41
1725,5,5,41
1726,5,5,41
1727,5,5,41
1728,5,5,41
1729,5,5,41
1730,5,5,41
1731,5,5,41
1732,5,5,41
1733,5,5,41
1734,5,5,41
1735,5,5,41
1736,5,5,41
1737,5,5,41
1738,5,5,41
1739,5,5,41
1740,5,5,41
1741,5,5,41
1742,8,8,71
1743,8,8,71
1744,8,8,71
1745,9,8,80
1746,9,8,80
1747,9,7,79
1748,9,7,79
1749,9,7,79
1750,9,7,79
1751,9,7,79
1752,9,7,79
1753,9,7,79
1754,9,7,79
1755,9,7,79
1756,9,7,79
1757,9,7,79
1758,9,7,79
1759,9,7,79
1760,9,7,79
1761,9,7,79
1762,9,7,79
1763,9,7,79
1764,9,7,79
1765,9,7,79
1766,9,8,80
1767,9,8,80
1768,9,8,80
1769,9,8,80
1770,9,8,80
1771,8,8,71
1772,8,8,71
1773,8,8,71
1774,8,5,68
1775,8,5,68
1776,8,5,68
1777,8,5,68
1778,8,5,68
1779,8,5,68
1780,8,5,68
1781,8,5,68
1782,8,5,68
1783,8,5,68
1784,8,5,68
1785,8,5,68
1786,8,5,68
1787,8,5,68
1788,8,5,68
1789,8,5,68
1790,8,8,71
1791,8,8,71
1792,8,8,71
1793,8,8,71
1794,8,8,71
1795,8,8,71
1796,8,8,71
1797,8,8,71
1798,8,8,71
1799,8,8,71
1800,8,7,70
1801,9,7,79
1802,9,7,79
1803,9,7,79
1804,9,7,79
1805,9,7,79
1806,9,7,79
1807,9,7,79
1808,9,7,79
1809,9,7,79
1810,9,7,79
1811,9,7,79
1812,9,7,79
1813,9,7,79
1814,9,7,79
1815,9,7,79
1816,9,7,79
1817,9,7,79
1818,9,7,79
1819,9,7,79
1820,9,7,79
1821,9,7,79
1822,9,7,79
1823,9,7,79
1824,9,7,79
1825,9,7,79
1826,9,7,79
1827,9,7,79
1828,9,7,79
1829,9,7,79
1830,9,7,79
1831,9,7,79
1832,9,7,79
1833,9,7,79
1834,9,7,79
1835,9,7,79
1836,9,7,79
1837,9,7,79
1838,9,7,79
1839,9,7,79
1840,9,7,79
1841,9,7,79
1842,9,7,79
1843,9,7,79
1844,8,8,71
1845,8,8,71
1846,8,8,71
1847,8,8,71
1848,8,8,71
1849,8,8,71
1850,8,8,71
1851,8,8,71
1852,8,8,71
1853,8,8,71
1854,5,5,41
1855,5,5,41
1856,5,5,41
1857,5,5,41
1858,5,5,41
1859,5,5,41
1860,5,5,41
1861,5,5,41
1862,5,5,41
1863,5,5,41
1864,5,5,41
1865,5,5,41
1866,5,5,41
1867,5,5,41
1868,5,5,41
1869,5,5,41
1870,5,5,41
1871,8,8,71
1872,8,8,71
1873,8,8,71
1874,8,8,71
1875,8,8,71
1876,8,8,71
1877,8,8,71
1878,8,8,71
1879,8,5,68
1880,8,5,68
1881,8,8,71
1882,8,8,71
1883,8,8,71
1884,8,8,71
1885,8,8,71
1886,8,8,71
1887,8,8,71
1888,8,8,71
1889,8,8,71
1890,8,8,71
1891,5,5,41
1892,5,5,41
1893,5,5,41
1894,5,5,41
1895,5,5,41
1896,5,5,41
1897,5,5,41
1898,5,5,41
1899,5,5,41
1900,5,5,41
1901,5,5,41
1902,8,8,71
1903,8,7,70
1904,9,7,79
1905,9,7,79
1906,9,7,79
1907,9,7,79
1908,9,7,79
1909,9,7,79
1910,9,7,79
1911,9,7,79
1912,9,7,79
1913,9,8,80
1914,8,8,71
1915,8,8,71
1916,8,8,71
1917,8,8,71
1918,8,8,71
1919,8,8,71
1920,8,8,71
1921,8,8,71
1922,8,8,71
1923,8,8,71
1924,8,8,71
1925,8,8,71
1926,8,8,71
1927,8,8,71
1928,8,8,71
1929,8,8,71
1930,8,8,71
1931,8,8,71
1932,8,8,71
1933,8,8,71
1934,8,8,71
1935,8,7,70
1936,5,8,44
1937,5,8,44
1938,5,8,44
1939,5,4,40
1940,5,4,40
1941,6,4,49
1942,6,7,52
1943,9,7,79
1944,9,7,79
1945,9,7,79
1946,9,7,79
1947,9,7,79
1948,9,7,79
1949,9,8,80
1950,9,8,80
1951,8,8,71
1952,8,8,71
1953,8,8,71
1954,8,8,71
1955,8,8,71
1956,8,8,71
1957,8,8,71
1958,8,8,71
1959,8,5,68
1960,5,5,41
1961,5,5,41
1962,5,4,40
1963,5,4,40
1964,5,4,40
1965,5,4,40
1966,5,4,40
1967,5,4,40
1968,5,4,40
1969,5,4,40
1970,5,7,43
1971,8,7,70
1972,8,7,70
1973,8,7,70
1974,8,7,70
1975,8,7,70
1976,8,7,70
1977,8,7,70
1978,8,7,70
1979,8,7,70
1980,8,7,70
1981,8,7,70
1982,8,7,70
1983,8,7,70
1984,8,7,70
1985,8,8,71
1986,8,8,71
1987,8,8,71
1988,8,8,71
1989,8,8,71
1990,8,8,71
1991,8,8,71
1992,8,8,71
1993,8,8,71
1994,8,8,71
1995,8,8,71
1996,8,8,71
1997,8,8,71
1998,8,8,71
1999,5,8,44
2000,5,8,44
2001,5,8,44
2002,6,8,53
2003,6,8,53
2004,6,8,53
2005,6,8,53
2006,6,8,53
2007,6,8,53
2008,6,8,53
2009,6,8,53
2010,6,8,53
2011,6,8,53
2012,6,8,53
2013,6,8,53
2014,6,8,53
2015,6,8,53
2016,6,8,53
2017,6,8,53
2018,5,8,44
2019,5,8,44
2020,5,8,44
2021,5,8,44
2022,5,8,44
2023,8,8,71
2024,8,8,71
2025,8,8,71
2026,8,8,71
2027,8,8,71
2028,8,8,71
2029,8,8,71
2030,8,8,71
2031,8,8,71
2032,8,5,68
2033,8,5,68
2034,8,5,68
2035,8,5,68
2036,8,5,68
2037,8,5,68
2038,8,5,68
2039,8,5,68
2040,8,5,68
2041,8,5,68
2042,8,5,68
2043,8,5,68
2044,8,5,68
2045,5,5,41
2046,5,5,41
2047,5,5,41
2048,5,5,41
2049,5,5,41
2050,5,5,41
2051,5,5,41
2052,5,5,41
2053,5,5,41
2054,5,5,41
2055,8,5,68
2056,5,5,41
2057,5,5,41
2058,5,5,41
2059,5,5,41
2060,5,5,41
2061,5,5,41
2062,5,5,41
2063,5,5,41
2064,5,5,41
2065,5,5,41
2066,5,5,41
2067,5,5,41
2068,5,5,41
2069,5,5,41
2070,5,5,41
2071,5,5,41
2072,8,5,68
2073,8,8,71
2074,8,8,71
2075,8,8,71
2076,8,8,71
2077,8,8,71
2078,8,8,71
2079,8,8,71
2080,5,8,44
2081,5,8,44
2082,5,5,41
2083,5,5,41
2084,5,5,41
2085,5,5,41
2086,5,5,41
2087,5,5,41
2088,5,5,41
2089,8,8,71
2090,8,8,71
2091,8,8,71
2092,8,8,71
2093,8,8,71
2094,8,8,71
2095,8,8,71
2096,8,8,71
2097,8,8,71
2098,8,8,71
2099,8,8,71
2100,8,8,71
2101,8,8,71
2102,8,8,71
2103,8,8,71
2104,8,8,71
2105,8,8,71
2106,8,8,71
2107,8,8,71
2108,8,8,71
2109,8,8,71
2110,8,8,71
2111,8,8,71
2112,8,8,71
2113,8,8,71
2114,8,8,71
2115,8,8,71
2116,8,8,71
2117,5,5,41
2118,5,5,41
2119,5,5,41
2120,5,5,41
2121,5,5,41
2122,5,5,41
2123,5,5,41
2124,5,5,41
2125,5,5,41
2126,5,5,41
2127,5,5,41
2128,5,5,41
2129,5,5,41
2130,5,5,41
2131,5,5,41
2132,5,5,41
2133,5,5,41
2134,5,5,41
2135,5,5,41
2136,5,5,41
2137,5,5,41
2138,5,5,41
2139,5,5,41
2140,5,5,41
2141,5,5,41
2142,8,8,71
2143,8,8,71
2144,8,8,71
2145,8,8,71
2146,8,8,71
2147,8,8,71
2148,8,8,71
2149,8,8,71
2150,8,8,71
2151,8,8,71
2152,8,8,71
2153,8,8,71
2154,8,8,71
2155,8,8,71
2156,8,8,71
2157,8,8,71
2158,8,8,71
2159,8,8,71
2160,8,8,71
2161,8,8,71
2162,8,8,71
2163,8,8,71
2164,8,8,71
2165,8,8,71
2166,8,8,71
2167,8,8,71
2168,8,8,71
2169,8,8,71
2170,8,8,71
2171,8,8,71
2172,8,8,71
2173,8,8,71
2174,8,8,71
2175,8,5,68
2176,8,5,68
2177,8,5,68
2178,8,8,71
2179,8,8,71
2180,8,8,71
2181,8,5,68
2182,8,5,68
2183,8,5,68
2184,8,5,68
2185,8,5,68
2186,8,5,68
2187,8,5,68
2188,8,5,68
2189,8,8,71
2190,8,8,71
2191,8,8,71
2192,8,8,71
2193,8,8,71
2194,8,8,71
2195,8,8,71
2196,8,8,71
2197,8,8,71
2198,8,8,71
2199,8,8,71
2200,8,8,71
2201,8,8,71
2202,8,8,71
2203,8,8,71
2204,8,8,71
2205,8,8,71
2206,8,8,71
2207,8,8,71
2208,8,8,71
2209,8,8,71
2210,8,8,71
2211,8,8,71
2212,8,8,71
2213,8,8,71
2214,8,8,71
2215,8,8,71
2216,8,8,71
2217,8,8,71
2218,8,8,71
2219,8,8,71
2220,8,8,71
2221,8,8,71
2222,8,8,71
2223,8,8,71
2224,8,8,71
2225,9,8,80
2226,9,7,79
2227,9,7,79
2228,9,7,79
2229,9,7,79
2230,9,7,79
2231,9,7,79
2232,9,8,80
2233,9,8,80
2234,6,5,50
2235,6,5,50
2236,6,5,50
2237,6,5,50
2238,5,5,41
2239,5,5,41
2240,8,5,68
2241,8,8,71
2242,8,8,71
2243,8,8,71
2244,8,5,68
2245,5,5,41
2246,5,5,41
2247,8,8,71
2248,8,8,71
2249,8,8,71
2250,8,8,71
2251,8,8,71
2252,8,8,71
2253,8,8,71
2254,8,8,71
2255,8,8,71
2256,8,8,71
2257,8,8,71
2258,8,8,71
2259,9,7,79
2260,9,7,79
2261,9,7,79
2262,9,7,79
2263,9,7,79
2264,9,7,79
2265,9,7,79
2266,9,7,79
2267,9,7,79
2268,9,7,79
2269,9,7,79
2270,9,7,79
2271,8,7,70
2272,8,7,70
2273,8,7,70
2274,8,7,70
2275,8,7,70
2276,8,7,70
2277,8,7,70
2278,8,8,71
2279,8,8,71
2280,8,8,71
2281,8,8,71
2282,9,8,80
2283,9,8,80
2284,9,8,80
2285,9,8,80
2286,9,8,80
2287,9,8,80
2288,9,8,80
2289,9,8,80
2290,9,8,80
2291,9,8,80
2292,9,8,80
2293,9,8,80
2294,9,8,80
2295,8,8,71
2296,8,8,71
2297,8,8,71
2298,8,8,71
2299,8,8,71
2300,8,8,71
2301,8,8,71
2302,8,8,71
2303,8,8,71
2304,8,8,71
2305,8,8,71
2306,8,8,71
2307,8,8,71
2308,8,8,71
2309,8,8,71
2310,8,8,71
2311,8,8,71
2312,8,7,70
2313,8,7,70
2314,8,7,70
2315,8,7,70
2316,8,7,70
2317,8,7,70
2318,8,7,70
2319,8,7,70
2320,8,7,70
2321,8,7,70
2322,8,7,70
2323,8,7,70
2324,8,7,70
2325,9,7,79
2326,9,7,79
2327,9,7,79
2328,9,7,79
2329,9,7,79
2330,9,7,79
2331,9,7,79
2332,9,7,79
2333,9,7,79
2334,9,7,79
2335,9,7,79
2336,9,7,79
2337,9,7,79
2338,9,7,79
2339,9,7,79
2340,9,7,79
2341,9,7,79
2342,9,7,79
2343,9,7,79
2344,9,7,79
2345,9,7,79
2346,9,7,79
2347,9,7,79
2348,9,7,79
2349,9,7,79
2350,9,7,79
2351,9,7,79
2352,9,7,79
2353,9,7,79
2354,9,7,79
2355,9,7,79
2356,9,7,79
2357,9,7,79
2358,9,7,79
2359,9,7,79
2360,9,7,79
2361,9,7,79
2362,9,7,79
2363,9,7,79
2364,9,4,76
2365,8,4,67
2366,8,5,68
2367,8,5,68
2368,8,5,68
2369,8,5,68
2370,8,5,68
2371,8,5,68
2372,8,5,68
2373,8,8,71
2374,8,8,71
2375,8,8,71
2376,8,8,71
2377,8,8,71
2378,8,8,71
2379,8,8,71
2380,8,8,71
2381,8,8,71
2382,8,8,71
2383,8,8,71
2384,8,8,71
2385,8,8,71
2386,8,8,71
2387,8,8,71
2388,8,8,71
2389,8,8,71
2390,8,8,71
2391,8,8,71
2392,8,8,71
2393,8,8,71
2394,8,8,71
2395,8,8,71
2396,8,8,71
2397,8,8,71
2398,8,8,71
2399,8,8,71
2400,8,8,71
2401,8,8,71
2402,8,8,71
2403,8,5,68
2404,8,5,68
2405,5,5,41
2406,5,5,41
2407,5,5,41
2408,5,5,41
2409,5,5,41
2410,5,5,41
2411,5,5,41
2412,5,5,41
2413,8,8,71
2414,8,8,71
2415,8,8,71
2416,8,8,71
2417,8,8,71
2418,8,8,71
2419,8,8,71
2420,8,8,71
2421,8,8,71
2422,8,5,68
2423,5,5,41
2424,5,5,41
2425,5,5,41
2426,5,5,41
2427,5,5,41
2428,5,5,41
2429,5,5,41
2430,5,5,41
2431,5,5,41
2432,8,8,71
2433,8,8,71
2434,8,8,71
2435,8,8,71
2436,8,8,71
2437,8,8,71
2438,8,8,71
2439,8,8,71
2440,8,8,71
2441,8,8,71
2442,8,8,71
2443,8,8,71
2444,8,8,71
2445,8,8,71
2446,8,8,71
2447,8,8,71
2448,8,8,71
2449,8,8,71
2450,8,8,71
2451,8,5,68
2452,6,5,50
2453,6,5,50
2454,9,5,77
2455,9,7,79
2456,9,7,79
2457,9,7,79
2458,9,7,79
2459,9,7,79
2460,9,7,79
2461,9,7,79
2462,9,8,80
2463,9,8,80
2464,9,8,80
2465,9,8,80
2466,6,5,50
2467,5,5,41
2468,5,5,41
2469,5,5,41
2470,5,5,41
2471,5,5,41
2472,5,4,40
2473,5,4,40
2474,5,4,40
2475,5,4,40
2476,5,4,40
2477,5,4,40
2478,5,4,40
2479,5,4,40
2480,5,4,40
2481,5,4,40
2482,5,4,40
2483,5,4,40
2484,5,4,40
2485,5,4,40
2486,5,5,41
2487,8,5,68
2488,8,8,71
2489,8,8,71
2490,8,8,71
2491,8,8,71
2492,8,8,71
2493,8,8,71
2494,8,8,71
2495,8,8,71
2496,8,8,71
2497,8,8,71
2498,8,8,71
2499,8,8,71
2500,8,8,71
2501,8,8,71
2502,8,8,71
2503,8,8,71
2504,8,8,71
2505,8,8,71
2506,8,8,71
2507,8,8,71
2508,5,5,41
2509,5,5,41
2510,6,4,49
2511,6,4,49
2512,6,4,49
2513,6,4,49
2514,6,4,49
2515,6,4,49
2516,6,4,49
2517,6,4,49
2518,6,4,49
2519,6,4,49
2520,6,4,49
2521,6,4,49
2522,6,4,49
2523,6,4,49
2524,6,4,49
2525,6,4,49
2526,6,4,49
2527,6,4,49
2528,6,5,50
2529,6,5,50
2530,6,5,50
2531,5,5,41
2532,5,5,41
2533,5,5,41
2534,5,5,41
2535,5,5,41
2536,5,5,41
2537,5,5,41
2538,8,8,71
2539,8,8,71
2540,8,8,71
2541,8,8,71
2542,8,8,71
2543,8,8,71
2544,8,8,71
2545,8,8,71
2546,8,8,71
2547,8,8,71
2548,5,5,41
2549,5,5,41
2550,5,4,40
2551,6,4,49
2552,6,4,49
2553,6,4,49
2554,9,7,79
2555,9,7,79
2556,9,7,79
2557,9,7,79
2558,9,7,79
2559,9,7,79
2560,9,7,79
2561,9,7,79
2562,9,7,79
2563,9,7,79
2564,9,7,79
2565,9,7,79
2566,9,7,79
2567,9,7,79
2568,8,4,67
2569,8,4,67
2570,8,4,67
2571,8,4,67
2572,8,4,67
2573,8,4,67
2574,8,7,70
2575,8,7,70
2576,8,7,70
2577,8,7,70
2578,8,7,70
2579,8,7,70
2580,8,4,67
2581,8,5,68
2582,8,5,68
2583,8,5,68
2584,8,4,67
2585,8,4,67
2586,8,4,67
2587,8,4,67
2588,8,4,67
2589,8,4,67
2590,8,4,67
2591,8,4,67
2592,8,4,67
2593,8,4,67
2594,8,4,67
2595,8,4,67
2596,8,4,67
2597,8,4,67
2598,8,4,67
2599,8,4,67
2600,8,4,67
2601,8,4,67
2602,8,4,67
2603,8,4,67
2604,8,5,68
2605,8,8,71
2606,8,8,71
2607,8,8,71
2608,8,8,71
2609,8,8,71
2610,8,8,71
2611,8,8,71
2612,8,8,71
2613,8,8,71
2614,8,8,71
2615,8,8,71
2616,9,8,80
2617,6,8,53
2618,6,8,53
2619,6,8,53
2620,6,8,53
2621,6,8,53
2622,6,5,50
2623,6,5,50
2624,6,5,50
2625,6,5,50
2626,9,5,77
2627,9,5,77
2628,8,8,71
2629,8,7,70
2630,8,7,70
2631,8,7,70
2632,8,7,70
2633,8,8,71
2634,9,8,80
2635,8,8,71
2636,8,8,71
2637,8,8,71
2638,8,8,71
2639,8,8,71
2640,8,8,71
2641,8,8,71
2642,8,8,71
2643,8,8,71
2644,8,8,71
2645,8,8,71
2646,8,8,71
2647,8,8,71
2648,8,8,71
2649,8,8,71
2650,8,8,71
2651,8,8,71
2652,8,8,71
2653,8,8,71
2654,8,8,71
2655,8,8,71
2656,8,8,71
2657,8,8,71
2658,8,8,71
2659,8,8,71
2660,8,8,71
2661,8,8,71
2662,8,8,71
2663,8,8,71
2664,8,5,68
2665,8,5,68
2666,8,5,68
2667,8,5,68
2668,8,5,68
2669,8,5,68
2670,8,5,68
2671,8,5,68
2672,8,5,68
2673,8,5,68
2674,8,5,68
2675,8,5,68
2676,8,5,68
2677,8,5,68
2678,8,5,68
2679,8,5,68
2680,8,5,68
2681,8,8,71
2682,8,8,71
2683,5,8,44
2684,5,8,44
2685,5,5,41
2686,5,5,41
2687,5,5,41
2688,5,5,41
2689,5,5,41
2690,5,5,41
2691,5,5,41
2692,5,5,41
2693,5,5,41
2694,5,5,41
2695,5,5,41
2696,5,5,41
2697,5,5,41
2698,5,5,41
2699,5,5,41
2700,5,5,41
2701,5,5,41
2702,5,5,41
2703,5,5,41
2704,5,5,41
2705,5,5,41
2706,5,5,41
2707,5,5,41
2708,5,5,41
2709,5,5,41
2710,5,5,41
2711,5,5,41
2712,5,5,41
2713,5,5,41
2714,5,5,41
2715,5,5,41
2716,5,5,41
2717,5,5,41
2718,8,5,68
2719,8,8,71
2720,8,5,68
2721,8,5,68
2722,5,5,41
2723,5,5,41
2724,5,5,41
2725,5,5,41
2726,5,4,40
2727,5,4,40
2728,5,4,40
2729,5,4,40
2730,5,4,40
2731,5,4,40
2732,5,4,40
2733,5,4,40
2734,5,4,40
2735,5,4,40
2736,5,4,40
2737,5,4,40
2738,5,4,40
2739,5,4,40
2740,5,4,40
2741,5,4,40
2742,6,4,49
2743,6,4,49
2744,6,4,49
2745,6,4,49
2746,6,4,49
2747,6,4,49
2748,6,4,49
2749,6,4,49
2750,6,4,49
2751,6,4,49
2752,6,4,49
2753,6,4,49
2754,6,4,49
2755,6,4,49
2756,6,4,49
2757,6,4,49
2758,6,4,49
2759,6,4,49
2760,6,4,49
2761,6,4,49
2762,6,4,49
2763,6,4,49
2764,6,4,49
2765,6,4,49
2766,6,4,49
2767,6,4,49
2768,6,4,49
2769,6,4,49
2770,6,4,49
2771,6,4,49
2772,6,4,49
2773,6,4,49
2774,6,4,49
2775,6,5,50
2776,5,5,41
2777,5,5,41
2778,5,5,41
2779,5,5,41
2780,8,5,68
2781,8,8,71
2782,8,8,71
2783,8,8,71
2784,8,8,71
2785,8,8,71
2786,8,8,71
2787,8,8,71
2788,8,8,71
2789,8,8,71
2790,8,8,71
2791,8,8,71
2792,8,8,71
2793,8,8,71
2794,8,8,71
2795,9,8,80
2796,9,7,79
2797,6,7,52
2798,6,4,49
2799,6,4,49
2800,6,4,49
2801,6,4,49
2802,6,4,49
2803,6,4,49
2804,6,4,49
2805,6,4,49
2806,6,4,49
2807,6,5,50
2808,6,5,50
2809,6,5,50
2810,6,5,50
2811,6,5,50
2812,6,5,50
2813,6,5,50
2814,6,5,50
2815,5,5,41
2816,5,5,41
2817,5,5,41
2818,5,5,41
2819,5,5,41
2820,5,5,41
2821,5,5,41
2822,5,5,41
2823,6,5,50
2824,6,4,49
2825,6,4,49
2826,6,4,49
2827,6,4,49
2828,6,4,49
2829,6,4,49
2830,6,4,49
2831,6,4,49
2832,6,4,49
2833,6,4,49
2834,6,4,49
2835,6,4,49
2836,6,4,49
2837,6,4,49
2838,6,4,49
2839,6,4,49
2840,6,4,49
2841,6,5,50
2842,5,5,41
2843,5,5,41
2844,5,5,41
2845,5,5,41
2846,5,5,41
2847,5,5,41
2848,5,5,41
2849,5,5,41
2850,5,5,41
2851,5,5,41
2852,5,5,41
2853,5,5,41
2854,5,5,41
2855,5,5,41
2856,5,5,41
2857,5,5,41
2858,5,5,41
2859,5,5,41
2860,5,5,41
2861,5,5,41
2862,5,5,41
2863,5,5,41
2864,5,5,41
2865,5,5,41
2866,5,5,41
2867,5,5,41
2868,5,5,41
2869,5,5,41
2870,5,5,41
2871,5,5,41
2872,5,5,41
2873,5,5,41
2874,5,5,41
2875,5,5,41
2876,5,5,41
2877,5,5,41
2878,5,5,41
2879,5,5,41
2880,5,5,41
2881,5,5,41
2882,5,5,41
2883,5,5,41
2884,5,5,41
2885,5,5,41
2886,5,5,41
2887,5,5,41
2888,5,5,41
2889,5,5,41
2890,5,5,41
2891,5,5,41
2892,5,5,41
2893,5,5,41
2894,5,5,41
2895,5,5,41
2896,5,5,41
2897,5,5,41
2898,5,5,41
2899,5,5,41
2900,5,5,41
2901,5,5,41
2902,5,5,41
2903,5,5,41
2904,5,5,41
2905,5,5,41
2906,5,5,41
2907,5,5,41
2908,5,5,41
2909,5,5,41
2910,5,5,41
2911,5,8,44
2912,5,5,41
2913,5,5,41
2914,5,5,41
2915,5,5,41
2916,5,5,41
2917,5,5,41
2918,5,5,41
2919,5,5,41
2920,5,5,41
2921,5,5,41
2922,5,5,41
2923,5,5,41
2924,5,5,41
2925,5,5,41
2926,5,5,41
2927,5,5,41
2928,5,5,41
2929,5,5,41
2930,5,5,41
2931,5,5,41
2932,5,5,41
2933,5,5,41
2934,5,5,41
2935,5,5,41
2936,5,5,41
2937,5,5,41
2938,5,5,41
2939,5,5,41
2940,5,5,41
2941,5,5,41
2942,5,5,41
2943,5,5,41
2944,5,5,41
2945,5,5,41
2946,5,5,41
2947,5,5,41
2948,5,5,41
2949,5,5,41
2950,5,5,41
2951,5,5,41
2952,5,5,41
2953,5,5,41
2954,5,5,41
2955,5,5,41
2956,5,5,41
2957,5,5,41
2958,5,5,41
2959,5,5,41
2960,5,5,41
2961,5,5,41
2962,5,5,41
2963,5,5,41
2964,5,5,41
2965,5,5,41
2966,5,5,41
2967,5,5,41
2968,5,5,41
2969,5,5,41
2970,5,5,41
2971,5,5,41
2972,5,5,41
2973,6,5,50
2974,6,5,50
2975,6,5,50
2976,6,4,49
2977,6,4,49
2978,6,4,49
2979,6,4,49
2980,6,4,49
2981,6,4,49
2982,6,4,49
2983,6,4,49
2984,6,4,49
2985,6,4,49
2986,6,4,49
2987,6,4,49
2988,6,4,49
2989,6,4,49
2990,6,4,49
2991,6,4,49
2992,6,4,49
2993,6,4,49
2994,6,4,49
2995,6,4,49
2996,6,4,49
2997,6,4,49
2998,6,4,49
2999,6,4,49
3000,6,4,49
3001,6,4,49
3002,3,1,19
3003,3,1,19
3004,3,1,19
3005,3,1,19
3006,3,1,19
3007,3,1,19
3008,3,1,19
3009,3,1,19
3010,3,4,22
3011,6,4,49
3012,6,4,49
3013,6,4,49
3014,6,4,49
3015,6,4,49
3016,6,4,49
3017,6,4,49
3018,6,4,49
3019,6,1,46
3020,6,1,46
3021,6,4,49
3022,6,4,49
3023,6,4,49
3024,6,4,49
3025,6,4,49
3026,6,4,49
3027,6,4,49
3028,6,4,49
3029,6,4,49
3030,6,4,49
3031,6,4,49
3032,6,4,49
3033,6,4,49
3034,6,4,49
3035,6,4,49
3036,6,4,49
3037,6,4,49
3038,6,4,49
3039,6,4,49
3040,6,4,49
3041,6,4,49
3042,6,4,49
3043,6,4,49
3044,6,4,49
3045,6,4,49
3046,6,4,49
3047,6,4,49
3048,6,4,49
3049,6,4,49
3050,6,4,49
3051,6,4,49
3052,6,4,49
3053,6,5,50
3054,6,5,50
3055,6,5,50
3056,6,5,50
3057,6,5,50
3058,5,5,41
3059,5,5,41
3060,5,5,41
3061,5,5,41
3062,5,5,41
3063,5,5,41
3064,5,5,41
3065,5,5,41
3066,5,5,41
3067,5,5,41
3068,5,5,41
3069,5,5,41
3070,5,5,41
3071,5,5,41
3072,5,5,41
3073,5,5,41
3074,5,5,41
3075,5,5,41
3076,5,5,41
3077,5,5,41
3078,5,5,41
3079,5,5,41
3080,5,5,41
3081,5,5,41
3082,5,5,41
3083,5,5,41
3084,5,5,41
3085,5,5,41
3086,5,5,41
3087,5,5,41
3088,5,5,41
3089,5,5,41
3090,5,5,41
3091,5,5,41
3092,5,5,41
3093,5,5,41
3094,5,5,41
3095,5,5,41
3096,5,5,41
3097,5,5,41
3098,5,5,41
3099,5,5,41
3100,5,5,41
3101,5,5,41
3102,5,5,41
3103,5,5,41
3104,5,5,41
3105,5,5,41
3106,5,5,41
3107,5,5,41
3108,5,5,41
3109,6,5,50
3110,6,5,50
3111,6,5,50
3112,6,4,49
3113,6,4,49
3114,6,4,49
3115,6,5,50
3116,6,4,49
3117,6,4,49
3118,6,4,49
3119,6,4,49
3120,6,4,49
3121,6,4,49
3122,6,4,49
3123,6,4,49
3124,6,4,49
3125,6,4,49
3126,6,4,49
3127,6,4,49
3128,6,4,49
3129,6,4,49
3130,6,4,49
3131,6,5,50
3132,5,5,41
3133,5,5,41
3134,5,5,41
3135,5,5,41
3136,5,5,41
3137,5,5,41
3138,5,5,41
3139,5,5,41
3140,5,5,41
3141,5,5,41
3142,5,5,41
3143,5,5,41
3144,5,5,41
3145,5,5,41
3146,5,5,41
3147,5,5,41
3148,5,5,41
3149,5,5,41
3150,5,5,41
3151,5,5,41
3152,5,5,41
3153,5,5,41
3154,5,5,41
3155,5,5,41
3156,5,5,41
3157,5,5,41
3158,5,5,41
3159,5,4,40
3160,5,4,40
3161,6,4,49
3162,6,4,49
3163,6,4,49
3164,6,4,49
3165,6,4,49
3166,6,4,49
3167,6,4,49
3168,6,4,49
3169,6,5,50
3170,6,5,50
3171,5,5,41
3172,5,5,41
3173,5,5,41
3174,5,5,41
3175,5,5,41
3176,5,5,41
3177,5,5,41
3178,5,5,41
3179,5,5,41
3180,5,5,41
3181,5,5,41
3182,5,5,41
3183,5,5,41
3184,5,5,41
3185,5,5,41
3186,5,5,41
3187,5,5,41
3188,5,5,41
3189,5,5,41
3190,5,5,41
3191,5,5,41
3192,5,5,41
3193,5,5,41
3194,5,4,40
3195,5,4,40
3196,5,5,41
3197,5,5,41
3198,5,4,40
3199,5,5,41
3200,5,5,41
3201,5,5,41
3202,5,5,41
3203,5,5,41
3204,5,5,41
3205,5,5,41
3206,5,5,41
3207,5,5,41
3208,6,5,50
3209,6,5,50
3210,5,5,41
3211,5,5,41
3212,5,5,41
3213,5,5,41
3214,5,5,41
3215,5,5,41
3216,5,5,41
3217,5,5,41
3218,5,5,41
3219,5,5,41
3220,5,5,41
3221,5,5,41
3222,5,5,41
3223,5,5,41
3224,5,5,41
3225,5,5,41
3226,5,5,41
3227,5,5,41
3228,5,5,41
3229,5,5,41
3230,5,5,41
3231,5,5,41
3232,5,5,41
3233,5,5,41
3234,5,5,41
3235,5,5,41
3236,5,5,41
3237,5,5,41
3238,5,5,41
3239,5,5,41
3240,5,5,41
3241,5,5,41
3242,5,5,41
3243,5,5,41
3244,5,5,41
3245,5,5,41
3246,5,5,41
3247,5,5,41
3248,5,5,41
3249,5,5,41
3250,5,5,41
3251,5,5,41
3252,5,5,41
3253,5,5,41
3254,5,5,41
3255,5,4,40
3256,5,4,40
3257,5,4,40
3258,5,4,40
3259,5,4,40
3260,5,4,40
3261,5,5,41
3262,5,5,41
3263,5,5,41
3264,5,5,41
3265,5,5,41
3266,5,5,41
3267,5,5,41
3268,5,5,41
3269,5,5,41
3270,5,5,41
3271,5,5,41
3272,5,5,41
3273,5,5,41
3274,5,5,41
3275,5,5,41
3276,5,5,41
3277,6,5,50
3278,6,5,50
3279,6,5,50
3280,6,5,50
3281,6,5,50
3282,6,4,49
3283,6,4,49
3284,6,4,49
3285,6,4,49
3286,6,4,49
3287,6,4,49
3288,6,4,49
3289,6,4,49
3290,6,4,49
3291,6,4,49
3292,6,4,49
3293,6,4,49
3294,6,4,49
3295,6,4,49
3296,6,4,49
3297,6,4,49
3298,6,4,49
3299,6,4,49
3300,6,4,49
3301,6,4,49
3302,6,4,49
3303,6,4,49
3304,6,4,49
3305,6,4,49
3306,6,4,49
3307,6,4,49
3308,6,4,49
3309,6,4,49
3310,6,4,49
3311,6,4,49
3312,6,4,49
3313,6,4,49
3314,6,4,49
3315,6,4,49
3316,5,5,41
3317,5,5,41
3318,5,5,41
3319,5,5,41
3320,5,5,41
3321,5,5,41
3322,5,5,41
3323,5,5,41
3324,5,5,41
3325,5,5,41
3326,5,5,41
3327,5,5,41
3328,5,5,41
3329,5,5,41
3330,5,5,41
3331,5,5,41
3332,5,5,41
3333,5,5,41
3334,5,4,40
3335,5,4,40
3336,5,4,40
3337,5,4,40
3338,5,4,40
3339,5,4,40
3340,5,4,40
3341,5,4,40
3342,5,4,40
3343,5,4,40
3344,5,4,40
3345,5,4,40
3346,5,4,40
3347,5,4,40
3348,5,4,40
3349,5,4,40
3350,5,4,40
3351,5,4,40
3352,5,4,40
3353,5,4,40
3354,5,4,40
3355,5,4,40
3356,5,4,40
3357,5,4,40
3358,5,4,40
3359,5,4,40
3360,5,4,40
3361,5,4,40
3362,5,4,40
3363,5,4,40
3364,5,4,40
3365,5,4,40
3366,5,4,40
3367,5,4,40
3368,5,4,40
3369,5,4,40
3370,5,4,40
3371,5,4,40
3372,5,5,41
3373,5,5,41
3374,5,5,41
3375,5,5,41
3376,5,5,41
3377,5,5,41
3378,5,5,41
3379,5,5,41
3380,6,4,49
3381,6,4,49
3382,6,4,49
3383,6,4,49
3384,6,4,49
3385,6,4,49
3386,6,4,49
3387,6,4,49
3388,6,4,49
3389,6,4,49
3390,6,4,49
3391,6,4,49
3392,6,4,49
3393,6,4,49
3394,6,4,49
3395,6,4,49
3396,6,4,49
3397,6,4,49
3398,6,4,49
3399,6,4,49
3400,6,4,49
3401,6,4,49
3402,6,4,49
3403,6,4,49
3404,6,4,49
3405,6,4,49
3406,6,4,49
3407,6,4,49
3408,6,4,49
3409,6,4,49
3410,6,4,49
3411,6,5,50
3412,5,5,41
3413,5,5,41
3414,5,5,41
3415,5,5,41
3416,5,5,41
3417,5,5,41
3418,5,5,41
3419,5,5,41
3420,5,5,41
3421,5,5,41
3422,5,5,41
3423,5,5,41
3424,5,5,41
3425,5,5,41
3426,5,5,41
3427,5,5,41
3428,5,5,41
3429,5,5,41
3430,5,5,41
3431,5,5,41
3432,5,5,41
3433,5,5,41
3434,5,5,41
3435,5,5,41
3436,5,5,41
3437,5,5,41
3438,5,5,41
3439,5,5,41
3440,5,5,41
3441,5,5,41
3442,5,5,41
3443,5,5,41
3444,5,5,41
3445,5,5,41
3446,5,5,41
3447,5,5,41
3448,5,5,41
3449,5,5,41
3450,5,5,41
3451,5,5,41
3452,5,5,41
3453,5,5,41
3454,5,5,41
3455,5,5,41
3456,5,5,41
3457,5,5,41
3458,5,5,41
3459,5,5,41
3460,5,5,41
3461,5,5,41
3462,5,4,40
3463,5,4,40
3464,5,4,40
3465,5,4,40
3466,5,4,40
3467,5,4,40
3468,5,4,40
3469,5,4,40
3470,5,7,43
3471,5,7,43
3472,5,7,43
3473,5,7,43
3474,5,8,44
3475,8,8,71
3476,8,8,71
3477,8,8,71
3478,8,8,71
3479,8,8,71
3480,8,8,71
3481,8,8,71
3482,8,8,71
3483,8,8,71
3484,8,8,71
3485,8,8,71
3486,8,5,68
3487,8,5,68
3488,9,5,77
3489,9,5,77
3490,9,5,77
3491,9,8,80
3492,9,8,80
3493,9,8,80
3494,9,8,80
3495,9,8,80
3496,9,8,80
3497,9,8,80
3498,9,5,77
3499,9,5,77
3500,9,5,77
3501,8,5,68
3502,8,5,68
3503,8,5,68
3504,8,5,68
3505,8,5,68
3506,5,5,41
3507,5,5,41
3508,5,5,41
3509,5,5,41
3510,5,5,41
3511,5,5,41
3512,5,5,41
3513,5,5,41
3514,5,5,41
3515,5,5,41
3516,5,5,41
3517,5,5,41
3518,5,5,41
3519,8,5,68
3520,8,5,68
3521,8,5,68
3522,8,5,68
3523,8,5,68
3524,8,5,68
3525,8,5,68
3526,8,5,68
3527,8,5,68
3528,8,5,68
3529,8,5,68
3530,8,5,68
3531,8,5,68
3532,8,5,68
3533,8,8,71
3534,8,8,71
3535,8,8,71
3536,8,8,71
3537,8,8,71
3538,8,8,71
3539,8,8,71
3540,8,8,71
3541,8,8,71
3542,8,8,71
3543,8,8,71
3544,8,8,71
3545,8,8,71
3546,8,8,71
3547,8,8,71
3548,8,8,71
3549,8,8,71
3550,8,8,71
3551,8,8,71
3552,8,8,71
3553,8,8,71
3554,8,8,71
3555,8,8,71
3556,8,8,71
3557,5,8,44
3558,2,2,11
3559,3,2,20
3560,3,2,20
3561,3,3,21
3562,1,2,2
3563,5,5,41
3564,5,5,41
3565,8,5,68
3566,8,5,68
3567,8,5,68
3568,8,5,68
3569,5,5,41
3570,5,5,41
3571,5,5,41
3572,5,5,41
3573,5,5,41
3574,5,5,41
3575,5,5,41
3576,8,5,68
3577,8,5,68
3578,8,5,68
3579,8,5,68
3580,8,5,68
3581,8,5,68
3582,8,5,68
3583,8,5,68
3584,8,5,68
3585,8,5,68
3586,8,5,68
3587,8,5,68
3588,8,5,68
3589,8,5,68
3590,8,5,68
3591,8,5,68
3592,8,5,68
3593,8,5,68
3594,8,5,68
3595,8,8,71
3596,8,8,71
3597,8,8,71
3598,8,8,71
3599,8,8,71
3600,8,8,71
3601,8,8,71
3602,8,8,71
3603,8,8,71
3604,8,8,71
3605,8,8,71
3606,8,8,71
3607,8,8,71
3608,8,8,71
3609,8,8,71
3610,8,8,71
3611,8,8,71
3612,8,8,71
3613,8,8,71
3614,8,8,71
3615,8,8,71
3616,8,8,71
3617,8,8,71
3618,9,7,79
3619,9,7,79
3620,9,7,79
3621,9,7,79
3622,9,7,79
3623,9,7,79
3624,9,7,79
3625,9,7,79
3626,9,7,79
3627,9,7,79
3628,9,7,79
3629,9,7,79
3630,9,7,79
3631,9,7,79
3632,9,7,79
3633,9,7,79
3634,9,7,79
3635,9,7,79
3636,9,7,79
3637,9,7,79
3638,8,7,70
3639,8,7,70
3640,8,7,70
3641,8,8,71
3642,8,8,71
3643,8,8,71
3644,8,8,71
3645,8,8,71
3646,8,8,71
3647,8,8,71
3648,8,8,71
3649,8,8,71
3650,8,8,71
3651,8,8,71
3652,8,8,71
3653,8,8,71
3654,8,8,71
3655,8,8,71
3656,8,8,71
3657,8,8,71
3658,8,8,71
3659,8,8,71
3660,8,8,71
3661,8,8,71
3662,8,8,71
3663,8,8,71
3664,8,8,71
3665,8,8,71
3666,8,8,71
3667,8,8,71
3668,5,8,44
3669,5,5,41
3670,5,5,41
3671,5,5,41
3672,5,5,41
3673,5,5,41
3674,5,5,41
3675,5,5,41
3676,5,5,41
3677,5,5,41
3678,5,5,41
3679,5,5,41
3680,5,5,41
3681,5,5,41
3682,5,5,41
3683,5,5,41
3684,5,5,41
3685,5,5,41
3686,5,5,41
3687,5,5,41
3688,5,5,41
3689,5,5,41
3690,5,5,41
3691,5,5,41
3692,5,5,41
3693,5,5,41
3694,5,5,41
3695,5,8,44
3696,8,8,71
3697,8,8,71
3698,8,8,71
3699,8,8,71
3700,8,8,71
3701,8,8,71
3702,8,8,71
3703,8,8,71
3704,8,8,71
3705,8,8,71
3706,8,8,71
3707,8,8,71
3708,8,8,71
3709,8,8,71
3710,8,8,71
3711,8,8,71
3712,8,8,71
3713,8,8,71
3714,8,8,71
3715,8,8,71
3716,8,8,71
3717,8,8,71
3718,8,8,71
3719,8,8,71
3720,8,8,71
3721,8,8,71
3722,8,8,71
3723,8,8,71
3724,8,8,71
3725,8,7,70
3726,8,7,70
3727,8,7,70
3728,8,7,70
3729,8,7,70
3730,8,7,70
3731,8,7,70
3732,8,7,70
3733,8,8,71
3734,8,5,68
3735,8,5,68
3736,8,5,68
3737,8,5,68
3738,8,5,68
3739,8,5,68
3740,8,5,68
3741,8,5,68
3742,8,5,68
3743,8,5,68
3744,8,5,68
3745,8,5,68
3746,8,5,68
3747,5,5,41
3748,5,5,41
3749,5,5,41
3750,5,5,41
3751,5,5,41
3752,5,5,41
3753,5,5,41
3754,5,5,41
3755,5,5,41
3756,5,5,41
3757,5,5,41
3758,5,5,41
3759,5,5,41
3760,5,5,41
3761,5,5,41
3762,5,5,41
3763,5,5,41
3764,5,5,41
3765,5,5,41
3766,5,5,41
3767,5,5,41
3768,5,5,41
3769,5,5,41
3770,5,5,41
3771,5,5,41
3772,5,5,41
3773,5,5,41
3774,5,5,41
3775,5,5,41
3776,5,5,41
3777,5,5,41
3778,5,5,41
3779,5,5,41
3780,5,5,41
3781,5,5,41
3782,5,5,41
3783,6,5,50
3784,6,4,49
3785,6,4,49
3786,6,4,49
3787,6,4,49
3788,6,4,49
3789,6,4,49
3790,6,4,49
3791,6,4,49
3792,6,4,49
3793,6,4,49
3794,6,4,49
3795,6,4,49
3796,5,5,41
3797,5,5,41
3798,5,5,41
3799,5,5,41
3800,5,5,41
3801,5,5,41
3802,5,8,44
3803,8,8,71
3804,8,8,71
3805,8,8,71
3806,8,8,71
3807,8,8,71
3808,8,8,71
3809,8,8,71
3810,8,8,71
3811,8,8,71
3812,8,8,71
3813,8,8,71
3814,8,8,71
3815,8,8,71
3816,8,8,71
3817,8,8,71
3818,8,8,71
3819,8,5,68
3820,8,5,68
3821,5,5,41
3822,5,5,41
3823,5,5,41
3824,5,5,41
3825,5,5,41
3826,5,5,41
3827,5,5,41
3828,5,5,41
3829,5,5,41
3830,5,5,41
3831,5,5,41
3832,5,5,41
3833,5,5,41
3834,5,5,41
3835,5,5,41
3836,5,5,41
3837,5,5,41
3838,5,5,41
3839,5,5,41
3840,5,5,41
3841,5,5,41
3842,5,5,41
3843,5,5,41
3844,5,5,41
3845,8,5,68
3846,8,8,71
3847,8,8,71
3848,8,8,71
3849,8,8,71
3850,8,8,71
3851,8,8,71
3852,8,8,71
3853,8,8,71
3854,8,8,71
3855,8,8,71
3856,8,8,71
3857,8,8,71
3858,8,8,71
3859,8,8,71
3860,8,8,71
3861,8,8,71
3862,8,8,71
3863,8,8,71
3864,8,8,71
3865,8,8,71
3866,8,8,71
3867,8,8,71
3868,8,8,71
3869,8,8,71
3870,8,8,71
3871,8,8,71
3872,8,8,71
3873,8,8,71
3874,8,8,71
3875,8,8,71
3876,8,8,71
3877,8,8,71
3878,8,8,71
3879,8,8,71
3880,8,8,71
3881,8,8,71
3882,8,8,71
3883,8,8,71
3884,8,8,71
3885,8,8,71
3886,8,8,71
3887,8,8,71
3888,8,8,71
3889,8,8,71
3890,8,8,71
3891,8,8,71
3892,8,8,71
3893,8,8,71
3894,8,8,71
3895,8,8,71
3896,8,8,71
3897,8,8,71
3898,8,8,71
3899,8,8,71
3900,8,8,71
3901,8,8,71
3902,8,8,71
3903,8,8,71
3904,8,8,71
3905,8,8,71
3906,8,8,71
3907,8,8,71
3908,8,8,71
3909,8,8,71
3910,8,8,71
3911,8,8,71
3912,8,8,71
3913,8,8,71
3914,8,8,71
3915,8,8,71
3916,8,8,71
3917,8,8,71
3918,8,8,71
3919,8,8,71
3920,8,8,71
3921,8,8,71
3922,8,8,71
3923,8,8,71
3924,8,8,71
3925,8,8,71
3926,8,8,71
3927,8,8,71
3928,8,8,71
3929,8,8,71
3930,8,7,70
3931,9,7,79
3932,9,7,79
3933,9,7,79
3934,9,7,79
3935,9,7,79
3936,9,7,79
3937,9,7,79
3938,9,7,79
3939,9,7,79
3940,9,7,79
3941,9,7,79
3942,9,7,79
3943,9,7,79
3944,9,7,79
3945,9,7,79
3946,9,7,79
3947,9,7,79
3948,9,7,79
3949,9,7,79
3950,9,7,79
3951,9,7,79
3952,9,7,79
3953,9,7,79
3954,9,7,79
3955,9,8,80
3956,8,8,71
3957,8,8,71
3958,8,8,71
3959,8,8,71
3960,8,8,71
3961,8,8,71
3962,8,8,71
3963,8,8,71
3964,8,8,71
3965,8,8,71
3966,8,8,71
3967,8,8,71
3968,8,8,71
3969,8,8,71
3970,8,8,71
3971,8,8,71
3972,8,8,71
3973,8,8,71
3974,8,8,71
3975,8,8,71
3976,8,8,71
3977,8,8,71
3978,8,8,71
3979,8,8,71
3980,8,8,71
3981,8,8,71
3982,8,8,71
3983,8,8,71
3984,8,8,71
3985,8,8,71
3986,8,8,71
3987,8,8,71
3988,8,8,71
3989,8,8,71
3990,8,8,71
3991,8,8,71
3992,8,8,71
3993,8,8,71
3994,8,8,71
3995,8,8,71
3996,8,8,71
3997,9,7,79
3998,9,7,79
3999,9,7,79
4000,9,7,79
4001,9,7,79
4002,9,7,79
4003,9,7,79
4004,9,7,79
4005,9,7,79
4006,9,7,79
4007,9,8,80
4008,9,8,80
4009,9,8,80
4010,9,8,80
4011,8,8,71
4012,8,8,71
4013,8,8,71
4014,8,8,71
4015,8,8,71
4016,8,8,71
4017,8,8,71
4018,8,8,71
4019,8,8,71
4020,8,8,71
4021,8,8,71
4022,8,8,71
4023,8,8,71
4024,8,8,71
4025,8,8,71
4026,8,8,71
4027,8,8,71
4028,8,8,71
4029,8,8,71
4030,8,8,71
4031,8,8,71
4032,8,8,71
4033,8,8,71
4034,8,8,71
4035,8,8,71
4036,8,8,71
4037,8,8,71
4038,8,8,71
4039,8,8,71
4040,8,8,71
4041,8,8,71
4042,8,8,71
4043,8,8,71
4044,8,8,71
4045,8,8,71
4046,8,8,71
4047,8,8,71
4048,8,8,71
4049,8,8,71
4050,8,8,71
4051,8,8,71
4052,8,8,71
4053,8,8,71
4054,8,8,71
4055,8,8,71
4056,8,8,71
4057,8,8,71
4058,9,7,79
4059,6,7,52
4060,6,7,52
4061,9,7,79
4062,9,7,79
4063,9,7,79
4064,9,7,79
4065,9,7,79
4066,9,7,79
4067,9,7,79
4068,9,7,79
4069,9,7,79
4070,9,7,79
4071,9,7,79
4072,9,7,79
4073,9,7,79
4074,9,7,79
4075,9,7,79
4076,9,7,79
4077,9,7,79
4078,9,7,79
4079,9,7,79
4080,9,7,79
4081,9,7,79
4082,9,7,79
4083,9,7,79
4084,9,7,79
4085,9,7,79
4086,9,7,79
4087,9,7,79
4088,9,8,80
4089,8,5,68
4090,8,5,68
4091,8,5,68
4092,8,5,68
4093,8,5,68
4094,8,5,68
4095,8,5,68
4096,8,5,68
4097,8,5,68
4098,8,5,68
4099,8,5,68
4100,8,5,68
4101,8,5,68
4102,8,5,68
4103,8,5,68
4104,8,5,68
4105,8,5,68
4106,8,5,68
4107,8,5,68
4108,8,5,68
4109,8,5,68
4110,8,5,68
4111,8,5,68
4112,8,5,68
4113,8,5,68
4114,8,5,68
4115,8,5,68
4116,8,5,68
4117,8,5,68
4118,8,5,68
4119,8,5,68
4120,8,5,68
4121,8,5,68
4122,8,5,68
4123,8,5,68
4124,8,5,68
4125,8,5,68
4126,8,5,68
4127,8,5,68
4128,8,5,68
4129,8,5,68
4130,8,5,68
4131,8,5,68
4132,8,5,68
4133,8,5,68
4134,8,8,71
4135,8,8,71
4136,8,8,71
4137,8,8,71
4138,8,8,71
4139,8,8,71
4140,8,8,71
4141,8,8,71
4142,8,8,71
4143,8,8,71
4144,8,8,71
4145,8,8,71
4146,8,8,71
4147,8,8,71
4148,8,8,71
4149,8,8,71
4150,8,8,71
4151,8,8,71
4152,8,8,71
4153,8,8,71
4154,8,8,71
4155,8,8,71
4156,8,8,71
4157,8,8,71
4158,8,8,71
4159,8,8,71
4160,8,8,71
4161,8,8,71
4162,8,8,71
4163,8,8,71
4164,8,8,71
4165,8,8,71
4166,8,8,71
4167,8,8,71
4168,8,8,71
4169,8,8,71
4170,8,8,71
4171,8,8,71
4172,9,7,79
4173,9,7,79
4174,9,7,79
4175,9,7,79
4176,9,7,79
4177,9,7,79
4178,9,7,79
4179,9,7,79
4180,9,7,79
4181,9,7,79
4182,9,7,79
4183,9,7,79
4184,9,7,79
4185,9,8,80
4186,8,8,71
4187,8,8,71
4188,8,8,71
4189,8,8,71
4190,8,8,71
4191,8,8,71
4192,8,8,71
4193,8,8,71
4194,8,8,71
4195,8,8,71
4196,8,8,71
4197,8,8,71
4198,8,8,71
4199,8,8,71
4200,8,8,71
4201,8,8,71
4202,8,8,71
4203,8,8,71
4204,8,8,71
4205,8,8,71
4206,8,8,71
4207,8,8,71
4208,8,8,71
4209,8,8,71
4210,8,8,71
4211,8,8,71
4212,8,8,71
4213,8,8,71
4214,8,8,71
4215,8,8,71
4216,8,8,71
4217,8,8,71
4218,8,8,71
4219,8,8,71
4220,8,8,71
4221,8,8,71
4222,8,8,71
4223,8,8,71
4224,8,8,71
4225,8,8,71
4226,8,8,71
4227,8,8,71
4228,8,8,71
4229,8,8,71
4230,8,8,71
4231,8,8,71
4232,8,8,71
4233,8,8,71
4234,8,8,71
4235,8,8,71
4236,8,8,71
4237,8,8,71
4238,8,8,71
4239,8,8,71
4240,8,8,71
4241,8,8,71
4242,8,8,71
4243,8,8,71
4244,8,8,71
4245,8,8,71
4246,8,8,71
4247,8,8,71
4248,8,8,71
4249,8,8,71
4250,8,8,71
4251,8,8,71
4252,8,8,71
4253,8,8,71
